latitude,longitude,crime_type,datetime,area
37.819971430641,-122.38460090872829,BURGLARY,2025-08-04 10:14:56,Zone_11
37.75827086111391,-122.4729699773117,OTHER,2025-06-07 11:28:56,Zone_12
37.724977876584106,-122.34556826610631,VANDALISM,2025-07-07 01:33:56,Zone_12
37.80224091294891,-122.37998737750884,BURGLARY,2025-08-03 04:50:56,Zone_15
37.763146199126716,-122.34691536712897,ROBBERY,2025-06-06 18:26:56,Zone_09
37.74189680655041,-122.45085846874896,THEFT,2026-01-02 04:35:56,Zone_08
37.79901272456052,-122.45550421824986,VANDALISM,2025-01-28 19:29:56,Zone_18
37.81884989415642,-122.36017589743585,THEFT,2025-10-24 04:50:56,Zone_08
37.79963201101374,-122.41344618014163,ASSAULT,2025-11-03 02:16:56,Zone_13
37.80151538999847,-122.44634161855579,DRUG,2025-03-31 00:26:56,Zone_03
37.7854959974781,-122.35545486822299,ROBBERY,2025-03-08 19:44:56,Zone_02
37.81096086171067,-122.37323251597728,FRAUD,2025-07-17 20:57:56,Zone_01
37.82207120953891,-122.36706292636008,BURGLARY,2025-02-01 11:49:56,Zone_09
37.73598908208118,-122.42849952472012,ASSAULT,2025-07-24 20:24:56,Zone_04
37.74982922291489,-122.43284256154465,THEFT,2025-07-16 16:48:56,Zone_19
37.79740724165763,-122.38360906673533,BURGLARY,2025-06-10 01:19:56,Zone_11
37.73710879547007,-122.44095532428845,THEFT,2025-08-04 13:36:56,Zone_20
37.7553781258158,-122.46970162202855,THEFT,2025-06-12 18:08:56,Zone_12
37.80640661400475,-122.39669258460493,ASSAULT,2025-07-26 06:24:56,Zone_12
37.78953734082783,-122.38436293089701,BURGLARY,2025-04-18 05:37:56,Zone_05
37.78833513447014,-122.39229418226678,OTHER,2025-03-21 01:01:56,Zone_04
37.74853916557083,-122.38249534680176,ROBBERY,2025-12-18 09:09:56,Zone_11
37.804734512498456,-122.47179236840518,THEFT,2025-08-01 18:51:56,Zone_20
37.74692410475656,-122.38772757013429,THEFT,2025-06-23 09:07:56,Zone_09
37.763573534630055,-122.35389050168949,DRUG,2025-06-05 00:03:56,Zone_18
37.8126339353381,-122.45570875584272,OTHER,2025-10-06 05:01:56,Zone_20
37.74908522909005,-122.48043458482911,FRAUD,2025-06-15 18:12:56,Zone_09
37.80544355899814,-122.45887118176486,ROBBERY,2025-03-22 13:08:56,Zone_11
37.8034340651114,-122.39405176179287,THEFT,2025-10-07 16:23:56,Zone_03
37.75329209747375,-122.44859542094834,ROBBERY,2025-08-09 11:10:56,Zone_09
37.738249629672424,-122.44952643812785,ASSAULT,2025-06-10 15:52:56,Zone_16
37.80045242785187,-122.39347905142482,BURGLARY,2025-03-05 19:20:56,Zone_08
37.804381130354166,-122.41900443603421,THEFT,2025-11-07 04:08:56,Zone_16
37.7995455375097,-122.45698763792379,FRAUD,2025-09-04 03:28:56,Zone_09
37.75797503046705,-122.41148525497468,FRAUD,2025-05-01 16:35:56,Zone_01
37.74184927466861,-122.41087981063124,DOMESTIC,2025-09-07 11:33:56,Zone_14
37.750187117544314,-122.3791431957026,THEFT,2025-10-26 21:08:56,Zone_16
37.75455101436478,-122.43143287153305,THEFT,2025-11-29 12:48:56,Zone_07
37.80472951789668,-122.39690541038333,ASSAULT,2025-06-18 01:26:56,Zone_02
37.804701819289804,-122.38207331370924,FRAUD,2025-03-31 11:33:56,Zone_17
37.79043439863186,-122.38107408623696,THEFT,2025-10-18 10:35:56,Zone_05
37.8091023075012,-122.46524299490076,ROBBERY,2026-01-12 04:10:56,Zone_20
37.78836042850166,-122.46935299774789,THEFT,2025-03-26 12:01:56,Zone_09
37.73071935955085,-122.35711794085603,VANDALISM,2025-09-22 15:07:56,Zone_16
37.75625530874371,-122.43817596696995,DRUG,2025-08-06 17:57:56,Zone_03
37.74371304019397,-122.37003997159763,BURGLARY,2025-09-02 04:56:56,Zone_01
37.78987736826428,-122.48719116137045,THEFT,2025-09-29 18:11:56,Zone_10
37.77521362585801,-122.36592652382174,VANDALISM,2025-12-18 01:39:56,Zone_16
37.72755113105416,-122.40653366280898,ASSAULT,2026-01-02 12:47:56,Zone_01
37.7794616789316,-122.35318027868352,ROBBERY,2025-12-15 14:08:56,Zone_11
37.75630495933868,-122.4625134975991,VEHICLE,2025-12-29 21:04:56,Zone_02
37.79968519303199,-122.45276764165841,BURGLARY,2025-04-12 13:11:56,Zone_04
37.74596164194034,-122.46550285052142,DOMESTIC,2025-05-03 12:58:56,Zone_05
37.80058692439218,-122.44544703005288,BURGLARY,2025-11-09 06:24:56,Zone_16
37.754663517450936,-122.47940226692572,VEHICLE,2025-05-07 01:16:56,Zone_09
37.819906196705084,-122.35180892795937,BURGLARY,2026-01-01 03:51:56,Zone_03
37.78027030523458,-122.46249081574636,VEHICLE,2025-03-21 11:51:56,Zone_13
37.822324820853446,-122.34501031369544,FRAUD,2025-05-28 18:10:56,Zone_11
37.821765194397415,-122.39119549847373,BURGLARY,2025-10-06 18:42:56,Zone_08
37.792544808471916,-122.3782397503132,VANDALISM,2025-07-10 18:54:56,Zone_13
37.80617995672575,-122.35231271339242,ASSAULT,2025-09-01 01:39:56,Zone_19
37.78074042497358,-122.43076669861296,BURGLARY,2026-01-08 08:14:56,Zone_13
37.74651359280169,-122.39353615471775,THEFT,2025-01-27 15:48:56,Zone_17
37.76169408316666,-122.39083173258082,FRAUD,2025-07-19 02:22:56,Zone_11
37.75019901679892,-122.390088331534,ROBBERY,2025-03-14 22:24:56,Zone_01
37.78333143119231,-122.35922629842635,THEFT,2025-02-07 23:07:56,Zone_06
37.78691325978016,-122.45279282255282,ASSAULT,2026-01-09 17:01:56,Zone_18
37.75328313600498,-122.45770058710278,BURGLARY,2025-06-20 22:08:56,Zone_13
37.741161693934494,-122.35776092232592,BURGLARY,2025-10-06 18:53:56,Zone_05
37.76672430362906,-122.3544907274969,THEFT,2025-09-26 01:40:56,Zone_01
37.77293700818664,-122.34660709240018,ASSAULT,2025-10-21 10:01:56,Zone_17
37.7717693159795,-122.43217707464935,VEHICLE,2025-12-03 19:03:56,Zone_05
37.78044317056027,-122.37905188772292,ASSAULT,2025-07-10 22:45:56,Zone_14
37.75053948117298,-122.38275511955574,ASSAULT,2025-11-10 15:03:56,Zone_07
37.77693077009038,-122.37855224123965,VANDALISM,2025-11-29 00:36:56,Zone_05
37.8020837069427,-122.43670371104395,ROBBERY,2025-08-21 17:56:56,Zone_11
37.786245634481176,-122.4521783060401,ASSAULT,2026-01-09 08:09:56,Zone_06
37.81594712784033,-122.4497060822687,DOMESTIC,2025-05-13 07:52:56,Zone_04
37.80910914150187,-122.37906233880268,OTHER,2026-01-02 12:40:56,Zone_02
37.788240085431674,-122.45837815718326,VANDALISM,2025-05-18 12:30:56,Zone_11
37.74233066541332,-122.46469606760945,ROBBERY,2025-08-09 16:02:56,Zone_18
37.747284906590636,-122.37113140447333,THEFT,2025-04-28 22:57:56,Zone_01
37.7604991484272,-122.36026741056561,THEFT,2025-04-15 02:02:56,Zone_15
37.73307590319489,-122.36336320638398,ASSAULT,2025-12-12 04:52:56,Zone_01
37.80501875740999,-122.44782182011659,VANDALISM,2025-03-24 10:49:56,Zone_14
37.79964709381338,-122.48889751956641,ROBBERY,2025-12-05 07:42:56,Zone_14
37.72794721527336,-122.36431775283879,THEFT,2025-11-16 16:26:56,Zone_05
37.79709747042809,-122.44836655268499,ROBBERY,2025-02-09 09:00:56,Zone_03
37.77285821017543,-122.40677007729288,VANDALISM,2025-03-02 03:43:56,Zone_12
37.761878659679645,-122.45594824645006,OTHER,2025-09-10 13:34:56,Zone_05
37.72565343631341,-122.46060008034311,THEFT,2025-04-07 12:23:56,Zone_11
37.795769831645856,-122.37486064026378,VEHICLE,2025-04-11 16:50:56,Zone_17
37.79718960966218,-122.37127077902699,VANDALISM,2025-08-09 03:46:56,Zone_19
37.74540775601495,-122.34920089002436,BURGLARY,2025-12-17 07:55:56,Zone_17
37.795623009564444,-122.37923307478357,DOMESTIC,2025-03-05 17:46:56,Zone_13
37.73008235368224,-122.44390935827091,VANDALISM,2025-02-05 17:58:56,Zone_02
37.805887444585466,-122.45620390178543,THEFT,2025-05-07 21:52:56,Zone_15
37.766084091414726,-122.44206976001854,OTHER,2025-11-27 18:35:56,Zone_14
37.82399294764574,-122.46364972849202,DRUG,2025-03-02 14:15:56,Zone_08
37.79995019247654,-122.37446943036207,VEHICLE,2025-11-14 10:12:56,Zone_14
37.76078304841235,-122.36281991887803,BURGLARY,2025-04-26 07:15:56,Zone_08
37.771167978566965,-122.44919331887537,THEFT,2025-02-19 04:08:56,Zone_01
37.77808574796882,-122.48440713314137,THEFT,2025-05-11 08:14:56,Zone_06
37.79795491368093,-122.3903423588895,BURGLARY,2025-02-11 04:04:56,Zone_07
37.82466926159238,-122.38153953199418,DRUG,2025-11-11 16:57:56,Zone_05
37.75910817487159,-122.37121140429919,BURGLARY,2025-07-05 04:11:56,Zone_20
37.804629536577956,-122.47191238589768,DRUG,2025-03-14 16:47:56,Zone_19
37.77917244433476,-122.45663014116396,OTHER,2025-04-06 08:46:56,Zone_08
37.76498514167637,-122.42509912945337,DOMESTIC,2025-11-24 23:47:56,Zone_08
37.78604542354347,-122.49168347242687,THEFT,2025-12-08 23:47:56,Zone_16
37.81714993811773,-122.38831420485299,ASSAULT,2025-05-13 06:03:56,Zone_09
37.798544423562475,-122.35424494778465,THEFT,2025-08-28 23:58:56,Zone_05
37.8087898086446,-122.47570059781951,BURGLARY,2025-12-05 14:29:56,Zone_08
37.762830569838556,-122.3827625522235,THEFT,2025-08-17 09:32:56,Zone_09
37.737121250120644,-122.4633231782239,THEFT,2026-01-09 06:18:56,Zone_19
37.76009413072556,-122.38289108014156,BURGLARY,2025-06-26 06:56:56,Zone_17
37.73976627277531,-122.43220638144095,ASSAULT,2025-03-30 21:24:56,Zone_13
37.76757889053368,-122.37443269668886,ASSAULT,2025-12-11 06:20:56,Zone_16
37.73147086394284,-122.37807085749574,VANDALISM,2025-07-21 06:37:56,Zone_17
37.780864033130825,-122.47111396311038,DRUG,2025-10-18 12:14:56,Zone_10
37.79309054514384,-122.38974794911456,ROBBERY,2025-11-11 06:42:56,Zone_01
37.75028885640433,-122.46498303504598,ASSAULT,2025-10-08 21:29:56,Zone_05
37.75314659236061,-122.46054608025777,VANDALISM,2025-05-03 12:49:56,Zone_14
37.76461835296185,-122.3941872295144,THEFT,2025-09-07 12:23:56,Zone_10
37.79655110413966,-122.44057656532868,ROBBERY,2025-01-28 14:22:56,Zone_11
37.787116854132385,-122.37636995024326,DRUG,2025-10-14 18:13:56,Zone_09
37.754346575954195,-122.35213200395567,THEFT,2026-01-04 00:59:56,Zone_14
37.74311071388216,-122.42168324492745,VANDALISM,2025-08-24 02:44:56,Zone_13
37.74670231074941,-122.39764187483459,ASSAULT,2025-01-31 02:09:56,Zone_11
37.77786616786551,-122.37214183573963,VANDALISM,2025-03-08 19:09:56,Zone_06
37.745542127176066,-122.49275062570122,VANDALISM,2025-02-22 19:02:56,Zone_12
37.77432738501383,-122.40840584327309,THEFT,2025-08-05 02:37:56,Zone_11
37.75377497048315,-122.45336203914785,ASSAULT,2025-07-10 06:34:56,Zone_03
37.76456493730521,-122.35128695951906,ASSAULT,2025-04-06 13:08:56,Zone_15
37.80487331764582,-122.4626938441289,ROBBERY,2026-01-27 00:09:56,Zone_02
37.75472505754752,-122.45054599682183,THEFT,2025-05-10 23:00:56,Zone_03
37.7433610719166,-122.46269449210989,ROBBERY,2025-11-28 05:45:56,Zone_17
37.79680098925503,-122.45634707127358,DRUG,2025-06-25 05:58:56,Zone_16
37.74986680088592,-122.42098625545353,ROBBERY,2025-06-18 22:20:56,Zone_10
37.82483534995659,-122.41102901278443,THEFT,2025-04-22 19:49:56,Zone_07
37.750545347187675,-122.45980207886855,VANDALISM,2025-05-10 05:49:56,Zone_03
37.773006188384414,-122.3616502465215,DRUG,2025-07-16 21:01:56,Zone_12
37.80529769794009,-122.41363977644288,BURGLARY,2025-08-24 13:51:56,Zone_12
37.80531141994638,-122.37407259812467,OTHER,2025-05-02 16:34:56,Zone_20
37.75477861360054,-122.45217611999564,OTHER,2025-10-26 13:19:56,Zone_10
37.813588647143725,-122.37855761920291,ASSAULT,2025-07-22 16:20:56,Zone_18
37.79472657556307,-122.44822892633731,THEFT,2025-11-28 12:39:56,Zone_05
37.73384110023123,-122.43176288363226,BURGLARY,2025-12-12 02:59:56,Zone_13
37.79923528228937,-122.48465203857756,ROBBERY,2025-04-09 09:04:56,Zone_19
37.74796698117178,-122.46792079519916,OTHER,2025-09-01 22:24:56,Zone_06
37.78787779229962,-122.4619513965445,OTHER,2025-02-04 15:55:56,Zone_10
37.774018634086865,-122.34494963362899,ROBBERY,2025-01-29 16:13:56,Zone_15
37.744234709576645,-122.38377160607814,OTHER,2025-12-15 21:38:56,Zone_12
37.80552577348532,-122.45825177411531,ASSAULT,2025-09-10 13:35:56,Zone_08
37.72977835816732,-122.41450962208988,FRAUD,2025-03-05 04:48:56,Zone_13
37.7744146527014,-122.422312013401,VANDALISM,2026-01-11 08:33:56,Zone_08
37.78147319639958,-122.45434575947458,FRAUD,2025-10-16 12:54:56,Zone_01
37.73905551867129,-122.45311257175427,VANDALISM,2025-07-26 23:11:56,Zone_06
37.754691892533536,-122.37661971676084,THEFT,2025-02-27 12:17:56,Zone_11
37.800846120400536,-122.375088684876,ASSAULT,2025-09-08 02:21:56,Zone_09
37.75088035810642,-122.39929914453505,THEFT,2026-01-06 02:10:56,Zone_19
37.77902665786761,-122.34995119942114,DRUG,2025-12-12 04:05:56,Zone_04
37.74865951309017,-122.38451550460981,THEFT,2025-08-08 11:01:56,Zone_18
37.82224889691774,-122.34906832170714,DRUG,2025-07-09 16:27:56,Zone_07
37.76058302385852,-122.39168483661788,THEFT,2025-03-26 12:01:56,Zone_02
37.7675181302236,-122.42669194635054,VEHICLE,2025-03-07 04:30:56,Zone_11
37.80050926594714,-122.37284728087653,OTHER,2025-02-22 15:52:56,Zone_15
37.788752594766414,-122.43476084030557,DRUG,2025-10-10 18:50:56,Zone_03
37.75965251377641,-122.46111487914152,THEFT,2025-08-22 21:35:56,Zone_17
37.7530325973585,-122.39180647493282,THEFT,2025-08-13 16:04:56,Zone_03
37.79776937233666,-122.44636917454694,BURGLARY,2025-02-04 19:23:56,Zone_02
37.75593619589236,-122.42611697763772,ROBBERY,2025-04-09 09:53:56,Zone_18
37.78490205481193,-122.4506506131936,DRUG,2025-11-23 14:35:56,Zone_08
37.79981616391013,-122.47251168889473,THEFT,2025-04-13 03:07:56,Zone_20
37.8024804735793,-122.35321437436514,THEFT,2026-01-14 15:08:56,Zone_13
37.747973140671654,-122.46493659756673,ROBBERY,2025-07-11 20:01:56,Zone_18
37.72901834952793,-122.39384218124684,FRAUD,2026-01-21 23:38:56,Zone_09
37.73009712836515,-122.41320554970484,DRUG,2025-08-18 20:43:56,Zone_20
37.80638251137465,-122.48238277304229,VANDALISM,2025-04-21 04:39:56,Zone_03
37.7533282415071,-122.39170147722096,THEFT,2025-02-08 11:47:56,Zone_13
37.75780174378147,-122.42387261109549,VEHICLE,2025-07-18 21:04:56,Zone_19
37.78834389494913,-122.38340777523584,ROBBERY,2025-12-04 22:34:56,Zone_10
37.746956112492235,-122.43164003169984,BURGLARY,2025-08-21 13:42:56,Zone_20
37.798435029866575,-122.37924141678998,BURGLARY,2025-06-28 07:24:56,Zone_09
37.79742576604151,-122.42139965878629,VEHICLE,2025-04-03 04:09:56,Zone_07
37.812282701748636,-122.38249954322926,DRUG,2025-09-08 16:01:56,Zone_16
37.788154053322636,-122.43847270442166,FRAUD,2025-01-29 12:12:56,Zone_13
37.73463933925536,-122.43364688013794,ASSAULT,2025-02-10 13:14:56,Zone_02
37.75053024827254,-122.38753108857293,ASSAULT,2025-07-08 17:40:56,Zone_08
37.76456597763436,-122.45884582143374,THEFT,2025-11-09 23:45:56,Zone_14
37.769777757383146,-122.39399143978109,THEFT,2026-01-22 13:40:56,Zone_11
37.75015277820754,-122.44051238781256,ASSAULT,2025-11-07 00:12:56,Zone_12
37.80931704489692,-122.3735494770575,VANDALISM,2025-07-02 03:50:56,Zone_20
37.79853814771819,-122.44914027057096,THEFT,2025-11-07 14:30:56,Zone_05
37.75651561049768,-122.41831477869674,ASSAULT,2025-08-21 01:17:56,Zone_18
37.725393998093445,-122.35162823218651,ASSAULT,2025-11-28 20:06:56,Zone_11
37.791586425754616,-122.47345231178655,DRUG,2025-06-02 02:27:56,Zone_10
37.741138189466234,-122.46614763743516,OTHER,2025-10-17 18:40:56,Zone_15
37.808711528964814,-122.35270786707889,VEHICLE,2025-05-21 06:52:56,Zone_15
37.727938705969684,-122.35475769567395,VANDALISM,2025-11-24 17:08:56,Zone_16
37.791597151699094,-122.40782221449324,VANDALISM,2025-09-03 15:25:56,Zone_09
37.82423369373586,-122.38153583560766,DRUG,2025-09-29 02:06:56,Zone_04
37.80141908645558,-122.3555487753679,DRUG,2025-02-14 19:09:56,Zone_09
37.81179006255406,-122.43804916221774,ASSAULT,2025-12-02 20:00:56,Zone_01
37.764517269160926,-122.39007991899652,VANDALISM,2025-12-08 14:24:56,Zone_03
37.80311007580069,-122.37435091455328,BURGLARY,2025-12-22 15:21:56,Zone_08
37.77281818776297,-122.49055369012903,ASSAULT,2025-06-30 00:40:56,Zone_05
37.75001220476197,-122.39032855241237,OTHER,2025-11-25 07:19:56,Zone_13
37.767986209153804,-122.35989285652398,ROBBERY,2025-05-24 04:00:56,Zone_19
37.751130177055664,-122.45080337538433,DOMESTIC,2025-03-20 03:02:56,Zone_03
37.7338626339155,-122.3867546321137,BURGLARY,2025-01-29 05:48:56,Zone_11
37.742198389084315,-122.38683229645918,THEFT,2025-12-05 06:17:56,Zone_04
37.73360389625877,-122.37203770347435,ROBBERY,2025-07-18 13:20:56,Zone_13
37.80681888594268,-122.36176903049774,VANDALISM,2025-02-21 21:50:56,Zone_10
37.76024213793028,-122.45886941615382,DRUG,2025-11-15 17:25:56,Zone_04
37.79165498992915,-122.4800697029248,BURGLARY,2025-07-09 23:08:56,Zone_05
37.803129461792764,-122.45713231083127,ROBBERY,2025-06-26 05:12:56,Zone_07
37.7480947096116,-122.43576410061416,VANDALISM,2025-10-07 15:10:56,Zone_18
37.76771996149257,-122.38676033515127,ASSAULT,2025-09-25 00:14:56,Zone_14
37.78678477053268,-122.38658327268747,FRAUD,2025-03-03 21:12:56,Zone_03
37.76159560792048,-122.44286592878365,VEHICLE,2025-08-11 02:24:56,Zone_05
37.7480564564163,-122.45718307985398,ASSAULT,2025-04-04 11:19:56,Zone_03
37.78740206271899,-122.38604821651118,BURGLARY,2025-11-13 14:58:56,Zone_08
37.73377673941078,-122.35015013960677,THEFT,2025-11-10 04:32:56,Zone_10
37.75122235028705,-122.37321953412393,DOMESTIC,2025-06-12 08:38:56,Zone_13
37.80113350887831,-122.45545342194073,ROBBERY,2025-11-09 09:55:56,Zone_18
37.81136861920336,-122.40312703810103,THEFT,2025-03-06 09:09:56,Zone_04
37.751211256991084,-122.44037953887927,THEFT,2026-01-02 15:02:56,Zone_01
37.76459815170743,-122.42731961892427,THEFT,2025-08-11 07:30:56,Zone_11
37.78155753621714,-122.43574358554127,THEFT,2025-02-08 04:24:56,Zone_18
37.792330380640905,-122.41452782111608,THEFT,2025-06-09 15:51:56,Zone_14
37.75758254921785,-122.38389233990894,ROBBERY,2025-08-21 08:53:56,Zone_02
37.79477486520628,-122.44531116850399,VEHICLE,2025-05-17 05:29:56,Zone_20
37.76476630277723,-122.47244390117565,BURGLARY,2025-05-23 14:43:56,Zone_04
37.74743878835156,-122.44913005790777,BURGLARY,2025-05-03 02:06:56,Zone_18
37.79661783567415,-122.38311781828827,VEHICLE,2025-11-10 07:40:56,Zone_10
37.798129589128976,-122.3725284524341,THEFT,2025-04-19 22:10:56,Zone_14
37.74497843356898,-122.46304365840687,THEFT,2025-05-09 20:52:56,Zone_20
37.74725301300388,-122.45574943321745,VANDALISM,2025-05-22 15:42:56,Zone_14
37.7537366404574,-122.39463238971312,DRUG,2025-09-14 03:56:56,Zone_07
37.75725003949115,-122.36925449510679,THEFT,2025-08-28 09:53:56,Zone_04
37.75148511366543,-122.39748648148063,BURGLARY,2025-12-01 12:28:56,Zone_04
37.749247796840486,-122.39664340281335,ASSAULT,2025-09-10 22:04:56,Zone_06
37.8205222190649,-122.47442824937328,ASSAULT,2025-08-07 06:31:56,Zone_01
37.73254168594381,-122.45249484290979,VEHICLE,2025-09-25 20:56:56,Zone_02
37.76991244324198,-122.46035529584519,THEFT,2026-01-05 13:20:56,Zone_12
37.792922777920836,-122.48814906490963,THEFT,2025-04-23 23:36:56,Zone_03
37.75088753633394,-122.45290594337577,DRUG,2025-09-12 00:27:56,Zone_07
37.76038413602569,-122.43258036046058,THEFT,2025-10-15 11:07:56,Zone_10
37.747935655503916,-122.45284420556841,DRUG,2025-03-16 16:39:56,Zone_09
37.772725529457595,-122.36002781039421,ASSAULT,2025-10-20 10:11:56,Zone_08
37.75510493394888,-122.44525263035383,THEFT,2025-11-10 14:46:56,Zone_17
37.747361561184384,-122.43857494642437,ASSAULT,2025-12-08 03:35:56,Zone_18
37.748969271183256,-122.47617479355486,THEFT,2025-11-11 08:21:56,Zone_03
37.756592247734496,-122.36250970100032,ASSAULT,2025-10-21 22:22:56,Zone_13
37.796762478548956,-122.45140438832425,THEFT,2025-06-27 01:07:56,Zone_11
37.74219923305813,-122.447829735162,VEHICLE,2025-08-28 04:27:56,Zone_15
37.80897030280112,-122.38447976828506,BURGLARY,2025-07-16 18:08:56,Zone_19
37.79990976133897,-122.37837486656468,BURGLARY,2025-09-13 03:43:56,Zone_16
37.7990712061513,-122.36218238304875,FRAUD,2025-05-10 16:07:56,Zone_02
37.798499186454364,-122.44216748032026,VEHICLE,2025-04-02 22:23:56,Zone_20
37.809704779113076,-122.36840540295766,THEFT,2025-02-08 05:49:56,Zone_02
37.792737882285515,-122.38096030131628,FRAUD,2025-09-07 11:41:56,Zone_05
37.8109536976947,-122.44630481400857,BURGLARY,2025-09-10 18:13:56,Zone_08
37.79293009318349,-122.3914591307716,FRAUD,2025-02-16 06:30:56,Zone_14
37.73531373579203,-122.46058418668044,VANDALISM,2025-10-08 13:09:56,Zone_19
37.74080900558289,-122.37941687228704,VEHICLE,2025-06-28 01:47:56,Zone_06
37.73337948830122,-122.45755211198656,BURGLARY,2026-01-12 12:24:56,Zone_18
37.73115422268974,-122.37419496262707,DOMESTIC,2025-11-26 00:32:56,Zone_13
37.78826142052122,-122.45947909855131,DRUG,2025-08-13 03:49:56,Zone_07
37.78367693608622,-122.46672856202996,THEFT,2025-03-28 23:25:56,Zone_11
37.79560443123456,-122.39824219682781,THEFT,2026-01-27 08:28:56,Zone_03
37.812173025048466,-122.36810996498123,DOMESTIC,2025-03-17 09:45:56,Zone_04
37.74476242547475,-122.38053874201664,THEFT,2025-06-05 13:32:56,Zone_09
37.7468765473123,-122.46226718910772,THEFT,2025-06-27 16:56:56,Zone_12
37.79012969126127,-122.4641680230651,ASSAULT,2025-10-24 12:45:56,Zone_10
37.751713902009556,-122.47094272933948,THEFT,2025-09-12 13:18:56,Zone_11
37.73608583758079,-122.39453320367367,DRUG,2025-06-03 03:53:56,Zone_11
37.780916818346185,-122.35387663069503,ASSAULT,2025-06-30 01:31:56,Zone_05
37.750553006244424,-122.39627380977889,ASSAULT,2025-09-01 17:59:56,Zone_19
37.785752727269646,-122.44197404418698,THEFT,2025-07-07 07:28:56,Zone_10
37.79677218162978,-122.37922426059286,DRUG,2025-03-28 15:03:56,Zone_09
37.77978386567201,-122.4024649758707,BURGLARY,2025-08-12 14:36:56,Zone_05
37.80989753714807,-122.39404664940064,BURGLARY,2025-05-05 05:23:56,Zone_07
37.73112731058819,-122.41752460268445,THEFT,2025-03-26 23:10:56,Zone_17
37.80248628238909,-122.45416664304129,THEFT,2025-08-29 04:31:56,Zone_15
37.811957842504604,-122.45858056829276,THEFT,2025-07-14 05:37:56,Zone_03
37.77877017979527,-122.41972812379485,BURGLARY,2025-10-15 20:27:56,Zone_18
37.7522635702788,-122.3819616483721,VEHICLE,2025-02-04 13:35:56,Zone_04
37.73919117953742,-122.37672211276555,THEFT,2025-09-21 20:53:56,Zone_20
37.74150343134162,-122.40237902920411,ASSAULT,2026-01-26 16:02:56,Zone_08
37.7847112629369,-122.48939245973204,ROBBERY,2025-02-03 18:07:56,Zone_11
37.80475932723828,-122.34923661843449,DRUG,2025-10-28 21:47:56,Zone_16
37.77343589831599,-122.47603491524616,THEFT,2025-07-04 02:09:56,Zone_06
37.79051340180206,-122.47492603265724,THEFT,2025-12-17 16:08:56,Zone_20
37.732840658464305,-122.38467552644894,DOMESTIC,2025-08-03 22:27:56,Zone_06
37.75633501131838,-122.42372481516007,ASSAULT,2026-01-26 00:44:56,Zone_02
37.812882191395175,-122.41558476311815,THEFT,2025-10-31 13:01:56,Zone_03
37.76297687844735,-122.38101160234605,DRUG,2025-11-02 04:57:56,Zone_12
37.82281049380152,-122.39927867925563,ASSAULT,2025-08-27 05:09:56,Zone_08
37.80724779584677,-122.38443280495542,ASSAULT,2025-01-27 21:30:56,Zone_03
37.77616547531451,-122.4486033984955,DRUG,2025-08-06 10:10:56,Zone_14
37.815260784434685,-122.4594855279348,ASSAULT,2026-01-17 01:50:56,Zone_01
37.72491883995566,-122.4690378394466,BURGLARY,2026-01-16 13:21:56,Zone_04
37.73778487120003,-122.43248583061009,THEFT,2025-12-27 09:24:56,Zone_14
37.752903732955055,-122.36564874848013,VEHICLE,2025-04-20 03:26:56,Zone_19
37.726700655560045,-122.3499784464389,ROBBERY,2025-03-30 22:34:56,Zone_19
37.73615803904119,-122.38884710338088,ASSAULT,2025-12-09 17:15:56,Zone_09
37.748899709509715,-122.46748155304219,DRUG,2025-09-10 22:34:56,Zone_09
37.74704156481237,-122.45490432143157,OTHER,2025-05-17 11:16:56,Zone_16
37.75531561232828,-122.46173551703396,VANDALISM,2025-04-01 03:25:56,Zone_05
37.76350925581472,-122.37982129723416,FRAUD,2025-08-15 21:39:56,Zone_02
37.78207723520484,-122.41678304723673,BURGLARY,2025-12-25 10:47:56,Zone_15
37.81415232899549,-122.42789299784312,BURGLARY,2025-09-16 10:26:56,Zone_19
37.803669687559356,-122.46361623297658,OTHER,2025-04-04 11:19:56,Zone_02
37.823284031285546,-122.45405615812602,THEFT,2025-10-16 11:00:56,Zone_12
37.81563801647129,-122.45857150093971,ASSAULT,2026-01-23 14:32:56,Zone_17
37.771874376299074,-122.42727977880163,BURGLARY,2026-01-02 13:24:56,Zone_06
37.72984968534937,-122.36940243927904,BURGLARY,2026-01-14 19:56:56,Zone_10
37.79100424174037,-122.4503716577271,VANDALISM,2025-03-09 05:59:56,Zone_07
37.727866822306474,-122.39308696886793,DOMESTIC,2025-06-22 23:48:56,Zone_13
37.76708281785388,-122.43274683871016,ASSAULT,2025-05-16 01:23:56,Zone_07
37.79703934511063,-122.36496792456313,ASSAULT,2025-07-20 12:05:56,Zone_17
37.793558991349265,-122.47722685429011,THEFT,2025-07-06 16:53:56,Zone_15
37.80001780478084,-122.48374885032001,DOMESTIC,2025-09-27 04:16:56,Zone_09
37.81370390643601,-122.40459613965213,THEFT,2025-08-25 08:29:56,Zone_07
37.797297305546614,-122.47631623753944,VANDALISM,2025-01-28 18:38:56,Zone_08
37.7943882373676,-122.41452609508443,VANDALISM,2025-09-18 14:30:56,Zone_05
37.761228539204325,-122.38373087424107,FRAUD,2025-11-17 10:29:56,Zone_04
37.75243811742554,-122.44845297518326,ASSAULT,2025-05-29 01:09:56,Zone_03
37.81656352358412,-122.429752216923,THEFT,2026-01-22 00:23:56,Zone_04
37.77748125988734,-122.41764779201277,THEFT,2025-07-01 17:42:56,Zone_01
37.74034597472234,-122.49058283601413,THEFT,2025-06-02 00:24:56,Zone_05
37.80907233617447,-122.40736677218224,THEFT,2025-12-13 17:24:56,Zone_05
37.739326261463376,-122.37891162072219,DOMESTIC,2025-06-30 03:29:56,Zone_10
37.75622062610702,-122.47234072241501,VEHICLE,2025-09-28 23:12:56,Zone_05
37.756296671737736,-122.3611394491537,VANDALISM,2025-08-11 07:35:56,Zone_13
37.74005842928699,-122.4897593532903,VANDALISM,2025-09-08 04:57:56,Zone_05
37.7781257531149,-122.46914945661213,ASSAULT,2025-12-02 12:26:56,Zone_02
37.80405928090708,-122.39176045288848,VANDALISM,2025-02-17 00:46:56,Zone_19
37.80229049092909,-122.45657592925158,ASSAULT,2025-10-26 16:35:56,Zone_19
37.7547492786524,-122.46223852892109,THEFT,2025-07-10 10:54:56,Zone_02
37.77823866287654,-122.36390462605284,VANDALISM,2025-06-25 10:46:56,Zone_05
37.75247675682514,-122.36283641284727,DOMESTIC,2025-02-07 18:52:56,Zone_16
37.73527594161019,-122.45979308819271,THEFT,2025-09-11 18:46:56,Zone_15
37.81677347106064,-122.44005978693521,BURGLARY,2025-07-25 09:49:56,Zone_19
37.78404067594225,-122.37341159865106,THEFT,2025-07-09 04:44:56,Zone_13
37.80959688542071,-122.36043646922069,BURGLARY,2025-06-22 18:38:56,Zone_13
37.74697454884528,-122.3842955356116,THEFT,2025-05-21 11:04:56,Zone_03
37.738343512940816,-122.44949066174425,ASSAULT,2025-08-18 15:16:56,Zone_15
37.74496510174038,-122.34520270376599,DRUG,2025-12-19 19:38:56,Zone_05
37.739185028730084,-122.38138581166145,VEHICLE,2025-08-02 21:36:56,Zone_02
37.800100860015434,-122.44452474452348,ASSAULT,2025-10-13 18:46:56,Zone_03
37.78260406644619,-122.38973655858898,FRAUD,2025-03-13 08:34:56,Zone_02
37.80819622834217,-122.38471214931187,DRUG,2025-08-02 14:37:56,Zone_15
37.78693699457829,-122.38318774855618,THEFT,2025-05-27 12:02:56,Zone_07
37.7475028997816,-122.39832859367363,ASSAULT,2025-10-23 09:54:56,Zone_17
37.81159334683519,-122.42630797278375,ROBBERY,2025-03-22 08:55:56,Zone_14
37.748365344177586,-122.44892089108085,VANDALISM,2025-12-28 11:05:56,Zone_13
37.79696551452832,-122.43418315536302,ROBBERY,2025-11-13 07:31:56,Zone_11
37.75843408714657,-122.37474871921879,THEFT,2025-08-28 18:52:56,Zone_18
37.75893707463058,-122.35333272413958,ASSAULT,2025-12-13 00:32:56,Zone_19
37.81155479817491,-122.40862862545892,BURGLARY,2025-12-31 04:26:56,Zone_17
37.81853211539692,-122.39312899082755,VANDALISM,2025-08-01 12:01:56,Zone_10
37.754057466845325,-122.44840256028861,OTHER,2025-02-20 00:46:56,Zone_15
37.75179680315954,-122.42308900882249,THEFT,2025-08-26 01:12:56,Zone_05
37.763412011990255,-122.36452697521665,THEFT,2026-01-17 04:23:56,Zone_14
37.72518812516656,-122.3655564971869,VEHICLE,2025-02-09 07:12:56,Zone_02
37.7600955589371,-122.38977882143267,VANDALISM,2025-05-07 01:58:56,Zone_02
37.81798072973165,-122.47554135965116,THEFT,2025-01-29 19:19:56,Zone_08
37.782817525537475,-122.48159879952735,THEFT,2025-09-18 15:48:56,Zone_10
37.73488668211362,-122.3911933334246,ASSAULT,2025-02-08 18:13:56,Zone_17
37.78208833170603,-122.38035513881299,ASSAULT,2025-02-13 01:29:56,Zone_11
37.72906568183827,-122.43475286306119,DRUG,2025-12-14 09:30:56,Zone_15
37.746058240077424,-122.38391078819555,ASSAULT,2025-07-16 04:05:56,Zone_05
37.749804267245686,-122.46311114760096,ASSAULT,2025-02-03 09:32:56,Zone_16
37.79120073461418,-122.41214269457065,THEFT,2025-09-12 04:26:56,Zone_11
37.78551465649335,-122.45072836283222,ASSAULT,2025-03-13 11:34:56,Zone_03
37.81863784381643,-122.40390622914275,BURGLARY,2025-08-20 04:35:56,Zone_04
37.819172431909415,-122.37662156852774,ROBBERY,2025-05-03 09:25:56,Zone_09
37.79906449664299,-122.45814106146553,VANDALISM,2025-02-20 23:34:56,Zone_11
37.77762651809153,-122.35843685541283,VEHICLE,2026-01-13 00:18:56,Zone_15
37.753950450567146,-122.4239017597763,THEFT,2025-03-14 22:21:56,Zone_17
37.7746312446169,-122.45986236189341,OTHER,2025-10-02 11:08:56,Zone_02
37.752250311152686,-122.38827687107305,VANDALISM,2025-11-17 10:53:56,Zone_14
37.729289994264306,-122.46953753302697,FRAUD,2025-04-29 21:19:56,Zone_12
37.82301925291642,-122.37542856890049,THEFT,2025-02-07 00:41:56,Zone_04
37.824381929396594,-122.38764157913809,BURGLARY,2025-04-27 00:46:56,Zone_18
37.7322081562027,-122.4010485103074,VEHICLE,2025-06-29 18:39:56,Zone_02
37.764420592631,-122.35146548060033,FRAUD,2025-09-30 20:48:56,Zone_04
37.75011781811591,-122.3770379686106,FRAUD,2025-04-25 06:57:56,Zone_12
37.79799244190229,-122.46043738761342,THEFT,2025-10-08 23:56:56,Zone_08
37.797786144227,-122.48009010840302,ROBBERY,2025-05-07 16:19:56,Zone_10
37.74028070246416,-122.34588704358987,THEFT,2025-03-02 07:36:56,Zone_07
37.76414581862295,-122.38126025399794,BURGLARY,2025-07-08 16:24:56,Zone_14
37.82414422893748,-122.43645152403853,VEHICLE,2025-07-27 06:39:56,Zone_01
37.75497136533918,-122.46416969709699,THEFT,2025-08-17 22:16:56,Zone_01
37.78719876183985,-122.44948306882574,DRUG,2025-06-24 15:47:56,Zone_19
37.812001284662216,-122.38207357803904,BURGLARY,2025-11-01 22:55:56,Zone_20
37.74863050493435,-122.45752517984623,ASSAULT,2025-03-14 03:32:56,Zone_15
37.77090023955808,-122.48014204317009,ROBBERY,2025-11-05 21:11:56,Zone_10
37.776465940585645,-122.42490595200907,BURGLARY,2025-07-27 13:27:56,Zone_05
37.77957005205568,-122.41459674815236,THEFT,2025-10-03 10:41:56,Zone_10
37.80475954843296,-122.39050061840145,THEFT,2025-07-25 11:22:56,Zone_12
37.80823156250455,-122.45708704353574,ASSAULT,2026-01-05 07:05:56,Zone_16
37.743061396775666,-122.43875884877633,OTHER,2025-03-15 11:11:56,Zone_08
37.73274558163171,-122.41272545613441,ASSAULT,2025-08-16 14:44:56,Zone_10
37.76107102548596,-122.35201870596941,THEFT,2025-05-18 10:12:56,Zone_01
37.742108922929525,-122.34853700014398,THEFT,2025-04-24 15:15:56,Zone_07
37.81699945210966,-122.39021068591201,VEHICLE,2025-07-13 06:09:56,Zone_09
37.758461045426984,-122.34762117974162,DRUG,2025-01-30 06:24:56,Zone_15
37.779830977148016,-122.44760239695103,ASSAULT,2025-10-24 17:07:56,Zone_04
37.72741934139592,-122.3685504008423,VEHICLE,2025-04-14 13:49:56,Zone_04
37.77500878802622,-122.38847102255549,BURGLARY,2025-07-14 08:28:56,Zone_16
37.742825561190784,-122.37439947773544,THEFT,2025-06-23 00:51:56,Zone_10
37.79261524124577,-122.40064562208721,ROBBERY,2025-01-29 12:57:56,Zone_05
37.79503527020345,-122.4588906964681,THEFT,2025-12-20 14:24:56,Zone_11
37.744338762665244,-122.44588523104046,THEFT,2025-12-26 18:29:56,Zone_01
37.739317377800255,-122.44322094189997,OTHER,2025-03-14 19:39:56,Zone_20
37.78812821536377,-122.46455117915608,THEFT,2025-06-04 11:04:56,Zone_18
37.81637311149565,-122.4926779010376,THEFT,2025-03-29 22:52:56,Zone_05
37.78044954241059,-122.46592770455418,THEFT,2025-09-03 05:47:56,Zone_03
37.75029070093437,-122.38441978686039,THEFT,2025-04-10 18:57:56,Zone_07
37.804316850338004,-122.39301543864818,ROBBERY,2025-06-24 00:54:56,Zone_15
37.789063190882736,-122.38883115335142,ROBBERY,2025-06-10 04:02:56,Zone_01
37.78325569673248,-122.41553656706613,THEFT,2025-03-26 15:04:56,Zone_19
37.793825448224254,-122.44801603275337,ASSAULT,2025-10-31 17:09:56,Zone_13
37.72643948916913,-122.40696109147936,DOMESTIC,2025-11-27 22:11:56,Zone_10
37.80888016066645,-122.4661189091376,ROBBERY,2025-11-10 19:23:56,Zone_10
37.79602653961021,-122.39124763464416,VEHICLE,2025-06-03 03:50:56,Zone_09
37.82452622865249,-122.46002420731787,DRUG,2025-03-10 22:17:56,Zone_13
37.75669591524596,-122.44656029128463,THEFT,2025-03-14 14:32:56,Zone_11
37.753425070736036,-122.38090401656108,VANDALISM,2025-12-06 13:46:56,Zone_16
37.81339643081806,-122.43690736405367,THEFT,2025-07-10 02:31:56,Zone_10
37.75023571700597,-122.3462510611488,ASSAULT,2025-10-18 08:21:56,Zone_09
37.80916693221665,-122.45134414426654,ROBBERY,2026-01-15 11:12:56,Zone_02
37.749738360874325,-122.38858087545748,ROBBERY,2025-07-13 17:25:56,Zone_05
37.7668389611667,-122.41938798225925,VANDALISM,2025-06-15 01:39:56,Zone_07
37.79243438588801,-122.45218183998266,THEFT,2025-09-25 14:13:56,Zone_16
37.803552238239085,-122.35302030387197,VEHICLE,2025-09-25 19:38:56,Zone_20
37.80548445326178,-122.49320533928818,VANDALISM,2025-06-16 13:17:56,Zone_20
37.80771168290064,-122.46199098256328,ROBBERY,2025-03-22 18:11:56,Zone_17
37.81901208125337,-122.36295208502865,VANDALISM,2025-08-27 21:41:56,Zone_03
37.77705993960114,-122.37522715495273,FRAUD,2025-04-24 05:47:56,Zone_03
37.726225103350394,-122.4500085666712,THEFT,2025-09-22 17:58:56,Zone_14
37.77383764489707,-122.42995871118013,DRUG,2025-09-30 20:56:56,Zone_06
37.75457866820199,-122.4131945584764,FRAUD,2025-08-24 00:07:56,Zone_14
37.800035251103424,-122.45835276533852,THEFT,2025-09-17 23:49:56,Zone_15
37.748320337092636,-122.46146691151553,VANDALISM,2025-06-27 21:18:56,Zone_15
37.812046842137654,-122.39255322604428,THEFT,2025-07-20 22:36:56,Zone_02
37.81195269662694,-122.39968716181724,VANDALISM,2025-09-23 02:23:56,Zone_07
37.792535742888255,-122.45582215187204,DRUG,2025-11-27 15:42:56,Zone_07
37.726712404104575,-122.37548628296408,FRAUD,2025-02-20 15:50:56,Zone_11
37.750227238352274,-122.49290318350123,DRUG,2025-07-01 22:31:56,Zone_16
37.74623141865224,-122.3884437350782,BURGLARY,2026-01-01 07:37:56,Zone_15
37.73246997273098,-122.43622608651246,ASSAULT,2025-09-16 07:26:56,Zone_02
37.79914215441103,-122.40063444666991,VANDALISM,2025-11-15 04:03:56,Zone_17
37.793426103578504,-122.44266910868187,BURGLARY,2025-09-04 23:04:56,Zone_03
37.762153327375955,-122.4840929483414,ASSAULT,2025-03-29 17:34:56,Zone_11
37.79577656552292,-122.49314544771846,ASSAULT,2025-09-18 15:24:56,Zone_02
37.77974191629936,-122.48443050113356,VANDALISM,2025-06-11 22:33:56,Zone_16
37.80520020719579,-122.4166987900393,THEFT,2025-08-23 16:12:56,Zone_12
37.741888100605074,-122.46515372001495,THEFT,2025-09-03 19:04:56,Zone_16
37.784615530599034,-122.39628008944581,VANDALISM,2025-11-14 23:12:56,Zone_10
37.76639712154001,-122.38748334856747,ASSAULT,2025-02-11 21:15:56,Zone_08
37.811051370722694,-122.36410405402648,THEFT,2025-06-14 00:46:56,Zone_17
37.73826505814105,-122.4278211217368,BURGLARY,2025-11-02 07:07:56,Zone_06
37.788576171704435,-122.38216507530021,ASSAULT,2025-03-28 14:05:56,Zone_14
37.74914087106333,-122.38556261657384,DRUG,2025-08-21 17:07:56,Zone_06
37.80226625648957,-122.38222421383819,BURGLARY,2025-07-06 20:36:56,Zone_06
37.813746410992294,-122.37075096621811,ROBBERY,2025-12-09 13:21:56,Zone_06
37.745006515205,-122.4172698439986,ROBBERY,2025-10-08 20:15:56,Zone_18
37.74980087361091,-122.40789464017134,VEHICLE,2025-10-09 19:23:56,Zone_12
37.799718391204884,-122.37340024204597,THEFT,2026-01-26 16:06:56,Zone_13
37.750973985284475,-122.38238784317882,THEFT,2025-11-27 10:10:56,Zone_14
37.795515850211906,-122.44805660148977,THEFT,2025-07-29 04:18:56,Zone_03
37.81134332468684,-122.40635952401615,DRUG,2025-02-20 17:04:56,Zone_11
37.738743549332945,-122.40757397479466,DOMESTIC,2025-03-16 07:58:56,Zone_14
37.78675270587182,-122.39943910197506,BURGLARY,2025-03-19 09:47:56,Zone_17
37.818893179196984,-122.41879943546054,ASSAULT,2025-11-10 23:53:56,Zone_18
37.80230303506793,-122.44863279512023,ASSAULT,2025-03-26 22:29:56,Zone_19
37.80592585866996,-122.43232588020187,BURGLARY,2025-05-11 00:57:56,Zone_15
37.81977443951497,-122.48530926384277,THEFT,2025-05-18 14:30:56,Zone_15
37.80518109348245,-122.35026197796067,BURGLARY,2025-06-07 13:01:56,Zone_13
37.808279195091885,-122.39801335845145,THEFT,2025-02-21 23:43:56,Zone_11
37.74086282299265,-122.45014502599682,THEFT,2025-06-04 09:27:56,Zone_14
37.746023183147294,-122.36495047529617,ASSAULT,2025-09-23 13:23:56,Zone_09
37.72790260053294,-122.35979512013135,BURGLARY,2025-09-23 12:32:56,Zone_14
37.73160165377512,-122.34809852997813,ASSAULT,2025-10-26 23:05:56,Zone_14
37.732003488904404,-122.46278103476749,ASSAULT,2025-11-13 09:25:56,Zone_10
37.80656839529973,-122.44929727310556,THEFT,2025-11-18 21:15:56,Zone_08
37.742656417156674,-122.45394782829301,OTHER,2025-06-01 02:07:56,Zone_04
37.744742804148125,-122.39364214317095,THEFT,2025-02-07 03:07:56,Zone_06
37.755262393814384,-122.44764652572275,BURGLARY,2025-05-19 11:52:56,Zone_10
37.73059787269974,-122.43160890876224,ASSAULT,2025-10-19 10:48:56,Zone_18
37.80260492856518,-122.36506955395127,VEHICLE,2025-10-25 04:30:56,Zone_17
37.818941920730076,-122.49202652420047,ROBBERY,2025-04-19 01:51:56,Zone_12
37.808723042108184,-122.44018943313992,THEFT,2025-09-11 04:53:56,Zone_07
37.80114469586749,-122.4754996958204,THEFT,2026-01-27 06:24:56,Zone_19
37.776189705551886,-122.36395908762879,VANDALISM,2025-12-02 17:35:56,Zone_13
37.739022354337315,-122.40876838747407,FRAUD,2025-09-04 10:05:56,Zone_03
37.79680190724109,-122.46035420659322,ASSAULT,2025-08-15 11:43:56,Zone_06
37.80467322633482,-122.43929139069543,DRUG,2025-08-02 01:24:56,Zone_05
37.75148804502857,-122.38278414608193,VANDALISM,2025-10-04 09:14:56,Zone_04
37.80757408668173,-122.38325509748755,ASSAULT,2025-08-20 06:29:56,Zone_01
37.73427765262571,-122.42148042721776,ASSAULT,2025-09-03 01:58:56,Zone_08
37.80348126454684,-122.40590781757973,DRUG,2025-09-13 06:03:56,Zone_16
37.80094243116825,-122.41746167528377,DRUG,2025-11-08 19:48:56,Zone_14
37.74197083633125,-122.48983044705365,ROBBERY,2025-06-25 05:30:56,Zone_19
37.81596057172145,-122.41792189856743,ASSAULT,2025-03-21 12:27:56,Zone_20
37.82453982936791,-122.3749988896359,THEFT,2025-12-23 14:51:56,Zone_15
37.802238104778226,-122.3571551202383,VANDALISM,2025-04-09 00:36:56,Zone_10
37.79997696492111,-122.47557705548013,VANDALISM,2025-10-26 14:07:56,Zone_08
37.76363225179753,-122.48447522167483,THEFT,2025-08-07 08:29:56,Zone_17
37.80742702136716,-122.45842077376494,ROBBERY,2025-07-02 05:41:56,Zone_06
37.7957048947359,-122.36673241917326,ASSAULT,2025-08-29 06:18:56,Zone_13
37.74928023396265,-122.44203664662125,THEFT,2025-04-19 16:21:56,Zone_01
37.746543801501716,-122.45926098542131,THEFT,2025-08-23 06:39:56,Zone_09
37.74049889904589,-122.46570157145672,THEFT,2025-09-20 14:38:56,Zone_10
37.78965164648434,-122.45344390710082,VEHICLE,2025-08-25 15:59:56,Zone_16
37.771139117691256,-122.36465560923271,FRAUD,2025-03-12 04:09:56,Zone_18
37.81581752640536,-122.44731828852274,BURGLARY,2025-07-29 04:36:56,Zone_02
37.801015415335485,-122.45069427200184,THEFT,2025-08-29 10:08:56,Zone_15
37.738608945807876,-122.38431753037962,THEFT,2025-02-21 09:59:56,Zone_05
37.72942491890189,-122.46171369376219,VEHICLE,2025-04-28 06:56:56,Zone_08
37.814738646658405,-122.43447218231195,THEFT,2026-01-07 09:24:56,Zone_11
37.73534545181002,-122.40787139283009,THEFT,2025-12-03 18:31:56,Zone_06
37.76248197027627,-122.37638940839803,FRAUD,2025-08-03 08:05:56,Zone_12
37.78617834640362,-122.44648877761217,OTHER,2025-09-03 22:14:56,Zone_15
37.80501664754324,-122.46173799670248,VANDALISM,2025-10-31 21:12:56,Zone_01
37.796265995995114,-122.38718400670042,ASSAULT,2025-02-17 19:10:56,Zone_08
37.748978475244904,-122.44841336824692,BURGLARY,2025-07-12 06:23:56,Zone_06
37.74316723842397,-122.47346016989603,VEHICLE,2025-06-19 11:02:56,Zone_03
37.75418996193485,-122.39319426065518,ASSAULT,2025-02-22 03:40:56,Zone_06
37.74519492110795,-122.38716563749598,THEFT,2025-02-10 02:48:56,Zone_12
37.80579915539769,-122.37696293036547,THEFT,2025-12-29 15:54:56,Zone_03
37.808264401047516,-122.3721993492935,ASSAULT,2025-12-10 05:42:56,Zone_01
37.79990284121422,-122.41465084643532,THEFT,2025-06-04 03:12:56,Zone_15
37.74270870441311,-122.38209079500602,VANDALISM,2026-01-14 01:37:56,Zone_08
37.79804863597031,-122.35068229866208,THEFT,2025-03-12 14:43:56,Zone_12
37.788441435686195,-122.39992690183479,VANDALISM,2025-11-08 23:13:56,Zone_05
37.764722779395804,-122.42781442515201,THEFT,2025-07-19 11:40:56,Zone_14
37.74068257353974,-122.37929753493536,BURGLARY,2025-10-24 21:33:56,Zone_05
37.74642044797332,-122.36174672743164,DRUG,2025-12-15 22:46:56,Zone_04
37.74828969314722,-122.46276706584788,BURGLARY,2025-08-29 12:41:56,Zone_01
37.803229798295604,-122.45451073240518,OTHER,2025-10-04 22:38:56,Zone_12
37.793704555707414,-122.47634186318163,THEFT,2025-09-16 21:58:56,Zone_15
37.774589551850006,-122.35685869276986,VANDALISM,2025-11-03 15:20:56,Zone_15
37.81469646468478,-122.48178085066108,THEFT,2025-12-07 12:16:56,Zone_03
37.74120191138149,-122.45932807503604,DOMESTIC,2025-02-07 09:56:56,Zone_07
37.7419304841399,-122.38993110746921,THEFT,2025-12-24 05:24:56,Zone_03
37.7944538292289,-122.4595878532249,OTHER,2025-04-13 01:39:56,Zone_02
37.81272134759473,-122.37734486672589,VANDALISM,2025-08-06 04:30:56,Zone_08
37.75255721256837,-122.39223493737904,DOMESTIC,2025-11-15 09:43:56,Zone_16
37.787690777870004,-122.44511334617219,DRUG,2025-06-27 04:49:56,Zone_13
37.80080869325557,-122.38527061546623,VANDALISM,2025-09-12 04:21:56,Zone_13
37.80544323293,-122.38037586053147,ASSAULT,2025-11-08 09:00:56,Zone_04
37.73745655786373,-122.46870575632674,ROBBERY,2026-01-18 01:54:56,Zone_13
37.78843090299098,-122.45557060567505,BURGLARY,2025-12-21 20:26:56,Zone_06
37.80395205102717,-122.4732338608968,ASSAULT,2025-11-10 17:25:56,Zone_20
37.77841523336804,-122.48209644721828,THEFT,2025-12-17 01:09:56,Zone_09
37.809364769350545,-122.45025189899143,BURGLARY,2025-08-04 08:06:56,Zone_02
37.76954419217966,-122.40158418844385,THEFT,2025-10-27 04:51:56,Zone_11
37.80598731666162,-122.38361950393455,BURGLARY,2025-11-29 01:06:56,Zone_11
37.75430674621768,-122.46285221655712,VANDALISM,2025-05-12 19:37:56,Zone_04
37.792634470660104,-122.37492638242675,VANDALISM,2025-11-06 06:29:56,Zone_16
37.789868653228375,-122.39111988035717,DOMESTIC,2025-05-02 23:35:56,Zone_01
37.79960782671291,-122.46159291666402,VANDALISM,2025-09-30 05:20:56,Zone_20
37.736244081710396,-122.34486361721159,ASSAULT,2025-07-05 14:47:56,Zone_12
37.79706557981937,-122.45745766792476,ROBBERY,2025-03-06 14:36:56,Zone_04
37.80599555300017,-122.38901427607058,VANDALISM,2025-11-08 03:47:56,Zone_20
37.77492785352078,-122.48399088711437,THEFT,2025-12-26 17:53:56,Zone_02
37.76555905373595,-122.47290778119459,DRUG,2025-03-04 02:11:56,Zone_16
37.785448125052596,-122.44821704269756,VANDALISM,2025-07-10 08:53:56,Zone_13
37.81083367310089,-122.44221832297147,ROBBERY,2025-09-15 02:41:56,Zone_17
37.780557842850214,-122.4429903611858,DOMESTIC,2025-11-11 04:19:56,Zone_15
37.75672620413857,-122.36026023226154,ASSAULT,2026-01-04 21:34:56,Zone_11
37.79841245180009,-122.38318928098002,FRAUD,2025-08-05 12:07:56,Zone_20
37.776346132773995,-122.4816415421766,VANDALISM,2025-05-02 10:37:56,Zone_08
37.744742438377884,-122.45802629048627,FRAUD,2025-03-22 05:10:56,Zone_03
37.75759410243367,-122.44853840638291,FRAUD,2025-12-29 15:04:56,Zone_08
37.738220992413666,-122.39954056153017,THEFT,2025-07-08 18:02:56,Zone_20
37.800247211065965,-122.36347108676514,VANDALISM,2025-10-28 19:02:56,Zone_13
37.80164988305907,-122.44827053067642,VEHICLE,2025-05-18 10:20:56,Zone_19
37.73586706013766,-122.38842245424921,DRUG,2025-11-22 02:03:56,Zone_19
37.82244730283141,-122.4232753555592,DOMESTIC,2025-10-20 23:02:56,Zone_02
37.79383104121027,-122.45655321093955,THEFT,2025-09-14 06:17:56,Zone_03
37.78321302190996,-122.38486674233641,BURGLARY,2025-10-17 00:14:56,Zone_12
37.780546463734886,-122.44060676270696,DRUG,2025-05-23 18:21:56,Zone_16
37.74976815396167,-122.4432499971364,DOMESTIC,2025-05-24 16:46:56,Zone_07
37.76612797278317,-122.35419051267675,ASSAULT,2025-08-30 01:58:56,Zone_11
37.76268392137272,-122.48509448545568,THEFT,2026-01-14 16:49:56,Zone_17
37.796440428303804,-122.38955192744754,ROBBERY,2026-01-19 23:34:56,Zone_20
37.77043831354806,-122.43215593458804,OTHER,2025-02-03 10:52:56,Zone_09
37.74991591348751,-122.37907620119147,THEFT,2025-11-30 13:36:56,Zone_02
37.73994169778683,-122.37595284214741,THEFT,2025-04-08 06:44:56,Zone_08
37.80520118815264,-122.41335816602188,VANDALISM,2025-05-30 00:02:56,Zone_18
37.76021008088398,-122.45856241193735,THEFT,2025-02-26 17:12:56,Zone_16
37.77189153720336,-122.41902636847595,VEHICLE,2025-02-26 10:46:56,Zone_12
37.80324695600493,-122.45283961254299,OTHER,2025-10-06 14:33:56,Zone_13
37.78523341962121,-122.3741473560213,VANDALISM,2025-02-14 17:53:56,Zone_05
37.79689347591812,-122.451846196165,FRAUD,2026-01-11 19:44:56,Zone_12
37.75293347525514,-122.47457305133692,THEFT,2025-10-24 15:27:56,Zone_12
37.803728325444794,-122.37536277640994,THEFT,2025-07-31 14:19:56,Zone_11
37.783700046342965,-122.44143456665924,THEFT,2025-04-30 12:57:56,Zone_06
37.76943865259779,-122.4922149267873,VANDALISM,2025-10-05 05:06:56,Zone_19
37.7820607649483,-122.46667424030794,ASSAULT,2025-08-29 18:17:56,Zone_10
37.7622808108867,-122.40060050604436,THEFT,2025-05-30 03:38:56,Zone_15
37.763410260282306,-122.36617913318011,ASSAULT,2026-01-11 07:38:56,Zone_20
37.72563341508362,-122.49052859107051,VANDALISM,2025-06-12 11:51:56,Zone_16
37.79794182771448,-122.44677836982001,ROBBERY,2025-11-01 13:24:56,Zone_01
37.78382146143479,-122.42625824048152,THEFT,2025-11-29 01:00:56,Zone_14
37.749484744249344,-122.44067904252063,DRUG,2025-07-16 19:22:56,Zone_18
37.73401406394447,-122.45151491993431,BURGLARY,2025-12-08 08:31:56,Zone_15
37.7901972921908,-122.40745713541578,THEFT,2025-04-05 03:32:56,Zone_03
37.779886417836444,-122.34992614594023,THEFT,2025-05-01 01:48:56,Zone_20
37.80745749787681,-122.37972422979969,BURGLARY,2025-07-21 01:22:56,Zone_15
37.80314258122128,-122.3455228069757,VEHICLE,2025-12-02 02:49:56,Zone_12
37.787971744449194,-122.38344756533553,VEHICLE,2025-08-29 12:31:56,Zone_18
37.75216506473125,-122.38466568206583,VEHICLE,2025-11-12 08:03:56,Zone_17
37.8139138053447,-122.39655873336514,BURGLARY,2025-07-14 05:13:56,Zone_16
37.80179200445712,-122.34528775180316,DOMESTIC,2025-12-21 01:30:56,Zone_08
37.74810834957895,-122.45441607095195,BURGLARY,2026-01-05 00:18:56,Zone_13
37.78245934286401,-122.47018132489036,ASSAULT,2025-12-05 19:58:56,Zone_12
37.804654853295816,-122.38020180040522,ROBBERY,2025-03-18 04:55:56,Zone_09
37.766140306046786,-122.46503665903916,BURGLARY,2025-11-19 05:20:56,Zone_20
37.75663354988802,-122.44684221724208,BURGLARY,2025-02-21 07:16:56,Zone_06
37.801542189497084,-122.38883525983779,ASSAULT,2025-02-15 07:24:56,Zone_13
37.7546816649013,-122.46834494706398,FRAUD,2025-06-02 00:09:56,Zone_02
37.80573948823041,-122.4026530370915,VANDALISM,2025-07-28 07:44:56,Zone_19
37.7423747567441,-122.45303162876048,VANDALISM,2026-01-07 01:41:56,Zone_06
37.73305749256114,-122.48123176444128,ASSAULT,2025-02-06 08:53:56,Zone_20
37.785383942936264,-122.43628230561161,VEHICLE,2025-07-13 22:20:56,Zone_04
37.81375694487195,-122.37694398530749,ROBBERY,2025-10-15 08:50:56,Zone_02
37.72679454033744,-122.3840123069672,ROBBERY,2025-08-03 21:43:56,Zone_14
37.78583383356999,-122.45469305295265,ASSAULT,2025-04-10 08:42:56,Zone_07
37.78946025770584,-122.35421841789267,DRUG,2025-08-21 07:40:56,Zone_18
37.73034660473669,-122.46703129390212,VANDALISM,2025-06-29 02:33:56,Zone_10
37.761596140700725,-122.47231593883842,DRUG,2025-04-12 10:55:56,Zone_19
37.725581469790015,-122.41588892223987,VEHICLE,2025-12-11 04:59:56,Zone_15
37.81459952893644,-122.36748136842046,THEFT,2026-01-19 16:42:56,Zone_17
37.80343995727244,-122.3916701679016,BURGLARY,2025-09-04 05:27:56,Zone_17
37.81076981212446,-122.36581535939453,DOMESTIC,2025-03-01 17:00:56,Zone_18
37.79315404787672,-122.44465747263382,THEFT,2025-12-30 02:59:56,Zone_19
37.73126847675025,-122.46783092837026,OTHER,2025-08-04 03:26:56,Zone_07
37.80609462346379,-122.3525375446661,VEHICLE,2025-09-08 11:34:56,Zone_13
37.7990977729514,-122.3927415138198,ROBBERY,2025-08-10 16:34:56,Zone_13
37.81085853748554,-122.44981858979925,VEHICLE,2025-07-18 12:16:56,Zone_10
37.74381957923904,-122.38634240021203,VEHICLE,2025-08-02 06:10:56,Zone_16
37.795838882182444,-122.47858979339053,ROBBERY,2025-05-23 03:23:56,Zone_17
37.738824684459416,-122.40259872050608,THEFT,2025-08-21 06:50:56,Zone_15
37.74820728118909,-122.39012188006849,ASSAULT,2025-08-05 03:48:56,Zone_08
37.73882540707847,-122.49279270534569,THEFT,2025-09-25 01:36:56,Zone_15
37.75930916178495,-122.41631842440427,OTHER,2025-08-06 18:49:56,Zone_02
37.78713286100767,-122.44067064331932,THEFT,2025-04-22 09:57:56,Zone_16
37.79225465781314,-122.4737957381047,DOMESTIC,2025-12-29 11:37:56,Zone_07
37.784505011576094,-122.3450398321923,THEFT,2025-12-17 17:55:56,Zone_19
37.737854465361224,-122.45144317956267,BURGLARY,2025-10-19 00:11:56,Zone_02
37.79564709736755,-122.3808419610015,ASSAULT,2025-05-03 13:59:56,Zone_18
37.80002214717039,-122.4555234289474,THEFT,2025-09-11 18:51:56,Zone_18
37.75116421317214,-122.4516411230815,ROBBERY,2025-05-19 18:18:56,Zone_10
37.80221835012588,-122.39366183855915,THEFT,2025-11-08 15:33:56,Zone_07
37.82358959453883,-122.38121459581913,ASSAULT,2025-08-07 17:21:56,Zone_18
37.74779423429927,-122.39198568540223,VEHICLE,2025-07-24 18:55:56,Zone_06
37.820039686197916,-122.47384686349454,ASSAULT,2025-04-20 11:32:56,Zone_03
37.76876475002461,-122.34777556126866,VANDALISM,2025-06-02 08:16:56,Zone_01
37.73092269449003,-122.44975245836476,ROBBERY,2025-10-26 18:49:56,Zone_15
37.7371497861966,-122.39916400112702,DOMESTIC,2025-03-25 01:09:56,Zone_01
37.77936308711072,-122.48272152205868,DRUG,2025-07-24 14:02:56,Zone_16
37.754939400923476,-122.39102805526073,BURGLARY,2025-04-01 16:45:56,Zone_17
37.813719134966135,-122.46451704712443,FRAUD,2025-12-20 00:50:56,Zone_13
37.77935553246547,-122.47041803549503,THEFT,2025-06-22 14:45:56,Zone_17
37.80454405615235,-122.38347961501418,THEFT,2026-01-01 14:29:56,Zone_06
37.74695087871367,-122.46650577386639,ASSAULT,2025-02-19 01:42:56,Zone_01
37.757686521468905,-122.38007072588132,VEHICLE,2025-12-09 15:30:56,Zone_16
37.76306164991092,-122.37811481916513,ROBBERY,2025-06-29 15:50:56,Zone_02
37.77801094963375,-122.38254235006927,THEFT,2025-12-07 07:18:56,Zone_01
37.792040607264376,-122.35545375846182,VANDALISM,2025-02-05 20:01:56,Zone_04
37.74908381954154,-122.43050037207973,VANDALISM,2025-05-22 04:17:56,Zone_12
37.79450798615671,-122.44002470232027,BURGLARY,2025-07-01 06:21:56,Zone_02
37.77662934821523,-122.43243389034093,THEFT,2025-04-26 12:35:56,Zone_01
37.79742870843546,-122.44034089399187,THEFT,2025-05-23 19:16:56,Zone_08
37.75772858489776,-122.45157581831313,ASSAULT,2026-01-14 12:44:56,Zone_17
37.7482136291326,-122.39343569991489,ASSAULT,2025-06-25 07:30:56,Zone_10
37.74444580003684,-122.46946559569224,THEFT,2025-05-08 01:53:56,Zone_14
37.758782348242285,-122.35159063300415,THEFT,2025-03-15 00:19:56,Zone_15
37.74655791856273,-122.36350611717711,BURGLARY,2026-01-08 09:01:56,Zone_14
37.769385243282755,-122.4210427399326,ASSAULT,2025-11-21 07:52:56,Zone_12
37.75908490419173,-122.42934585030194,VEHICLE,2025-03-22 15:43:56,Zone_07
37.77935954487108,-122.48823977408144,THEFT,2025-12-02 14:24:56,Zone_16
37.783242151901845,-122.42476940765718,THEFT,2025-06-10 04:55:56,Zone_09
37.79289605177511,-122.37677801731088,THEFT,2025-05-28 01:55:56,Zone_20
37.76447776796604,-122.40242721333455,OTHER,2025-05-15 05:47:56,Zone_01
37.75011728774955,-122.4273910296946,BURGLARY,2025-11-05 10:03:56,Zone_08
37.75866341157643,-122.38533732700868,DRUG,2025-10-08 05:35:56,Zone_20
37.784925141009964,-122.38471241159789,VANDALISM,2025-12-14 16:49:56,Zone_02
37.77646765510771,-122.41981191701136,ASSAULT,2026-01-18 10:53:56,Zone_19
37.73813635731098,-122.45746284064208,DRUG,2025-03-21 00:12:56,Zone_05
37.747476471608124,-122.38357140905016,THEFT,2025-11-15 21:50:56,Zone_06
37.75805074388214,-122.46878359365341,DRUG,2025-12-20 22:59:56,Zone_14
37.801471475052594,-122.45874165282683,VANDALISM,2025-06-20 16:06:56,Zone_12
37.800065374923,-122.4443407645818,DRUG,2025-05-27 16:53:56,Zone_02
37.79216358175067,-122.39444209965465,BURGLARY,2025-10-21 00:44:56,Zone_11
37.741944416313075,-122.38558369539062,BURGLARY,2025-11-14 22:47:56,Zone_16
37.75257541319513,-122.41067432241643,DOMESTIC,2025-11-28 19:55:56,Zone_07
37.79566774319161,-122.38868748088711,DOMESTIC,2025-04-23 00:45:56,Zone_06
37.79896635810667,-122.42164730187139,ASSAULT,2025-10-20 12:43:56,Zone_06
37.74856097827075,-122.42187528723397,THEFT,2025-02-14 13:03:56,Zone_12
37.81277694737028,-122.3892560459313,BURGLARY,2025-02-27 23:01:56,Zone_02
37.767395351906245,-122.43696752790737,DOMESTIC,2025-11-09 20:15:56,Zone_02
37.754594490431245,-122.45216029000889,ASSAULT,2025-09-30 07:21:56,Zone_08
37.745987082878436,-122.45103311744542,VANDALISM,2025-06-14 15:33:56,Zone_01
37.794986569724394,-122.45161912959793,BURGLARY,2025-08-24 18:05:56,Zone_16
37.817364179112865,-122.48596635577235,THEFT,2025-02-14 04:40:56,Zone_13
37.7469319098622,-122.41710422180084,THEFT,2025-08-01 00:37:56,Zone_18
37.785221306209955,-122.4824427390219,THEFT,2025-11-05 12:47:56,Zone_08
37.80510382702829,-122.4703109457435,DRUG,2025-01-31 23:45:56,Zone_09
37.79871848857925,-122.37376312994776,THEFT,2025-10-09 04:23:56,Zone_06
37.747478955215065,-122.4019067032752,ASSAULT,2025-06-27 10:23:56,Zone_17
37.745809736458966,-122.4748470304935,VANDALISM,2025-06-19 17:15:56,Zone_10
37.74529752366184,-122.38907324701951,BURGLARY,2025-09-03 21:47:56,Zone_20
37.807856583142836,-122.47434565184008,DOMESTIC,2025-09-10 02:14:56,Zone_16
37.73482295960947,-122.43010335811871,DRUG,2025-07-26 13:42:56,Zone_08
37.82465181311727,-122.4895323384814,THEFT,2025-06-18 18:50:56,Zone_19
37.79423717161328,-122.46126284421189,VEHICLE,2025-08-30 01:09:56,Zone_03
37.80995042283286,-122.38326960974221,DRUG,2025-03-31 12:09:56,Zone_04
37.73823444673164,-122.45801835851255,THEFT,2025-02-23 22:51:56,Zone_05
37.75094307756959,-122.37770282222594,VANDALISM,2025-10-05 13:10:56,Zone_07
37.798080777425206,-122.39751766692198,ROBBERY,2025-08-29 15:24:56,Zone_15
37.82280318407917,-122.43128951561471,BURGLARY,2025-05-05 11:59:56,Zone_16
37.79663627530364,-122.42786549817522,THEFT,2025-08-10 11:24:56,Zone_18
37.73177539064225,-122.4119424117255,FRAUD,2025-12-04 17:06:56,Zone_20
37.73559024932563,-122.45883839417266,ASSAULT,2025-03-05 01:54:56,Zone_18
37.74391905927074,-122.46275571803382,OTHER,2025-08-08 18:30:56,Zone_10
37.73014817100997,-122.4268645569991,OTHER,2025-02-05 19:02:56,Zone_19
37.73736474289928,-122.35018781893645,THEFT,2025-04-15 10:05:56,Zone_09
37.79314557613186,-122.4557789807765,THEFT,2025-11-18 19:18:56,Zone_04
37.73609345781348,-122.40297411634924,OTHER,2025-09-05 00:24:56,Zone_12
37.813642453537035,-122.3603099733995,DOMESTIC,2025-09-03 10:03:56,Zone_14
37.77018248052843,-122.45259585261071,BURGLARY,2025-07-01 18:31:56,Zone_15
37.75545267658737,-122.3825315763809,DRUG,2025-09-16 20:38:56,Zone_13
37.75077924083646,-122.44693143036883,BURGLARY,2025-05-15 14:56:56,Zone_16
37.7583878290137,-122.40877190955818,ROBBERY,2025-04-23 21:52:56,Zone_19
37.73403257343336,-122.47018284709506,THEFT,2025-03-10 08:44:56,Zone_15
37.79373384115466,-122.38209522823412,ASSAULT,2025-12-17 19:53:56,Zone_07
37.76546452594473,-122.46902571592364,VANDALISM,2025-08-12 00:39:56,Zone_09
37.74224055321249,-122.39072879909357,ASSAULT,2025-08-26 00:53:56,Zone_11
37.75064418429875,-122.45895105964392,VEHICLE,2025-10-25 13:35:56,Zone_19
37.795449002467315,-122.46627433143215,ASSAULT,2025-05-15 13:45:56,Zone_07
37.76945178144932,-122.34935472280725,THEFT,2025-02-23 07:34:56,Zone_18
37.78321057572799,-122.38669787328095,THEFT,2025-12-19 16:53:56,Zone_09
37.74929953023525,-122.34938986586972,BURGLARY,2025-03-03 06:40:56,Zone_04
37.75719896831769,-122.36104817148335,ROBBERY,2025-08-08 23:49:56,Zone_16
37.73006573571146,-122.48700582608534,ASSAULT,2025-04-24 13:42:56,Zone_12
37.79601600875278,-122.49338051771208,BURGLARY,2026-01-21 06:37:56,Zone_12
37.74906012764358,-122.39220768342012,ROBBERY,2025-10-06 12:14:56,Zone_06
37.82354874015718,-122.45265985087718,VEHICLE,2025-03-12 03:49:56,Zone_05
37.74665879399317,-122.4743332782509,THEFT,2025-04-11 07:38:56,Zone_16
37.74993722193118,-122.45472983120014,DRUG,2025-08-25 18:07:56,Zone_13
37.76399174268412,-122.34793152058468,ASSAULT,2025-10-12 17:32:56,Zone_16
37.75157945494338,-122.41851112997804,DRUG,2025-11-19 01:39:56,Zone_13
37.793623434346074,-122.44747487037137,OTHER,2026-01-17 06:16:56,Zone_13
37.75783792693021,-122.39039336922217,VEHICLE,2025-02-18 04:18:56,Zone_03
37.82329063638972,-122.35793844699309,THEFT,2025-05-09 19:48:56,Zone_13
37.81640984544901,-122.47094567875327,VANDALISM,2025-03-08 10:51:56,Zone_03
37.758277659706984,-122.40750298958173,VANDALISM,2025-12-20 10:31:56,Zone_20
37.73001655064455,-122.45947121646859,DOMESTIC,2025-12-20 01:37:56,Zone_20
37.75071076431735,-122.42480218738393,BURGLARY,2025-08-13 19:52:56,Zone_06
37.73552138275885,-122.37801841182954,THEFT,2025-06-06 10:55:56,Zone_17
37.78263534012197,-122.39743889371579,ASSAULT,2025-11-01 07:22:56,Zone_18
37.73304472128912,-122.42914781084896,THEFT,2025-12-12 22:50:56,Zone_16
37.74693273934376,-122.47891750266814,FRAUD,2026-01-19 16:09:56,Zone_13
37.73557118191024,-122.39696659898645,DRUG,2025-07-26 20:20:56,Zone_13
37.742868787755654,-122.38248415438561,VEHICLE,2025-03-05 17:58:56,Zone_15
37.77559996201434,-122.40857420573244,ASSAULT,2025-04-01 11:33:56,Zone_04
37.80380961116488,-122.40396606760918,ROBBERY,2025-02-06 14:13:56,Zone_01
37.82234393106385,-122.3480597121265,ROBBERY,2025-04-27 16:46:56,Zone_01
37.778819107951364,-122.45613598507514,VANDALISM,2025-11-04 00:13:56,Zone_19
37.80091768290954,-122.457683831008,BURGLARY,2025-10-18 15:09:56,Zone_10
37.743897010925345,-122.38672477404147,ROBBERY,2025-07-22 15:45:56,Zone_13
37.755593107298125,-122.4858358493138,THEFT,2025-10-15 04:34:56,Zone_16
37.811869588485166,-122.36077517775655,THEFT,2025-08-23 12:18:56,Zone_06
37.78217605329551,-122.47381592800747,THEFT,2025-08-31 23:43:56,Zone_07
37.75383749317654,-122.45350525800382,THEFT,2025-10-03 04:44:56,Zone_10
37.74355900968732,-122.46616517003464,VANDALISM,2025-03-05 10:42:56,Zone_08
37.79407058475009,-122.46049001404292,VANDALISM,2025-09-08 22:32:56,Zone_13
37.81084298411544,-122.44015318929307,THEFT,2025-08-29 18:17:56,Zone_04
37.800173656674914,-122.39335030436298,BURGLARY,2025-06-05 11:45:56,Zone_03
37.75713248244694,-122.37786593776927,VEHICLE,2025-12-07 06:58:56,Zone_05
37.81993070137362,-122.44940922653029,THEFT,2025-08-23 14:28:56,Zone_09
37.79223072535304,-122.38266939956824,THEFT,2025-11-24 01:36:56,Zone_10
37.774961953233394,-122.35763223314272,THEFT,2025-02-12 06:26:56,Zone_16
37.759977762301034,-122.36949593804758,BURGLARY,2025-09-02 07:39:56,Zone_03
37.796573454606616,-122.39085760655458,DOMESTIC,2025-03-16 14:12:56,Zone_02
37.74177494383982,-122.34915095598511,ROBBERY,2025-05-23 17:07:56,Zone_01
37.732003742140336,-122.3716538273487,BURGLARY,2025-03-04 12:00:56,Zone_19
37.739038355421634,-122.47485193502415,VEHICLE,2025-05-14 02:27:56,Zone_04
37.74246147313526,-122.45402833497616,THEFT,2025-07-15 06:57:56,Zone_04
37.787773401506,-122.4544847947194,FRAUD,2025-12-03 09:52:56,Zone_19
37.824062434296124,-122.46985756937926,BURGLARY,2025-09-28 05:21:56,Zone_01
37.79356786117241,-122.45785778120266,VEHICLE,2025-01-29 08:16:56,Zone_05
37.769734647052466,-122.42101417078582,ASSAULT,2025-10-24 11:47:56,Zone_17
37.74808584535351,-122.39609103327751,ASSAULT,2025-05-07 06:44:56,Zone_18
37.750615235110914,-122.38649177666377,ASSAULT,2025-07-03 04:04:56,Zone_18
37.7483961529036,-122.38548329606263,THEFT,2025-05-20 23:13:56,Zone_18
37.74263513616598,-122.49334356280637,ASSAULT,2025-12-05 18:48:56,Zone_14
37.74857975854562,-122.48180561548298,THEFT,2025-05-05 00:40:56,Zone_13
37.74127289578792,-122.44948653127953,VEHICLE,2025-02-26 06:47:56,Zone_09
37.82303833342413,-122.39994746071112,DOMESTIC,2025-02-21 07:48:56,Zone_03
37.75304773024509,-122.48388969564182,VANDALISM,2025-11-20 01:06:56,Zone_02
37.75123736158086,-122.38954141324353,ASSAULT,2025-12-23 13:18:56,Zone_02
37.731969660818436,-122.44016897183555,THEFT,2025-03-22 15:48:56,Zone_06
37.784441480162016,-122.36141068377464,BURGLARY,2025-02-06 20:09:56,Zone_04
37.79317417647275,-122.45695372732462,ROBBERY,2025-05-21 00:35:56,Zone_02
37.762109725029006,-122.38196187120337,DOMESTIC,2025-12-21 07:58:56,Zone_19
37.725646314041725,-122.43099700705139,FRAUD,2025-07-14 13:54:56,Zone_01
37.79811981777428,-122.3773270282473,THEFT,2025-06-08 23:03:56,Zone_17
37.750730042912764,-122.3643482589634,THEFT,2025-07-06 23:58:56,Zone_18
37.78481330600939,-122.40356162962492,BURGLARY,2025-06-10 03:25:56,Zone_18
37.77413670487013,-122.46555263408234,ASSAULT,2025-09-30 18:49:56,Zone_06
37.818389304655454,-122.39883711667179,ASSAULT,2025-03-19 12:23:56,Zone_18
37.77077051156676,-122.46715528671817,BURGLARY,2025-07-28 21:50:56,Zone_13
37.818160220750364,-122.47561549615568,FRAUD,2025-06-06 23:31:56,Zone_16
37.79638984380773,-122.42992329953853,ROBBERY,2025-12-22 08:47:56,Zone_11
37.740520541414256,-122.45035714984616,THEFT,2025-11-19 15:12:56,Zone_16
37.79688926003885,-122.45431685162558,THEFT,2025-06-18 23:16:56,Zone_10
37.739607371567715,-122.4639919424436,VEHICLE,2025-12-14 19:06:56,Zone_03
37.79910224518798,-122.48967304353766,FRAUD,2025-12-16 11:01:56,Zone_06
37.80599351926726,-122.43434650597402,DRUG,2026-01-23 19:30:56,Zone_04
37.7495035203166,-122.37296014750207,THEFT,2025-04-12 19:47:56,Zone_14
37.8099132734685,-122.45102744983187,VANDALISM,2025-10-20 18:10:56,Zone_02
37.782479247112235,-122.39762748750486,VANDALISM,2025-07-11 08:03:56,Zone_11
37.798514134474935,-122.45884100420899,ASSAULT,2026-01-20 17:56:56,Zone_20
37.770856297750555,-122.41955480836688,THEFT,2025-03-06 09:25:56,Zone_06
37.80682342121025,-122.41392115874098,VANDALISM,2025-10-15 01:54:56,Zone_19
37.801153403777555,-122.40666036590319,VEHICLE,2026-01-21 02:32:56,Zone_03
37.81834202168425,-122.4634198394042,THEFT,2025-05-11 11:08:56,Zone_18
37.80640153166762,-122.45529872633891,FRAUD,2025-08-20 02:17:56,Zone_14
37.801356826375944,-122.4825385968535,DRUG,2025-07-17 22:15:56,Zone_18
37.76050672991192,-122.37606290555512,THEFT,2025-11-15 05:40:56,Zone_09
37.805124917923514,-122.4366340815515,ASSAULT,2025-01-30 18:35:56,Zone_03
37.792878772004016,-122.44807268670252,BURGLARY,2025-11-12 09:52:56,Zone_11
37.778468897045606,-122.43527142581001,ASSAULT,2025-10-29 10:14:56,Zone_18
37.80957850018698,-122.36960876874679,DOMESTIC,2025-02-13 22:08:56,Zone_17
37.815734721024306,-122.40371388346126,THEFT,2025-03-02 09:00:56,Zone_10
37.73552659047924,-122.37763573898279,ROBBERY,2025-10-07 05:51:56,Zone_03
37.780071237202,-122.44091616182347,ASSAULT,2025-09-25 10:25:56,Zone_16
37.76281277484656,-122.39068775785572,ROBBERY,2025-04-02 22:03:56,Zone_06
37.80248650652028,-122.44359005663384,DOMESTIC,2025-10-10 17:41:56,Zone_15
37.79643672808354,-122.4506387620912,DOMESTIC,2025-11-25 13:34:56,Zone_10
37.79256285643121,-122.46104920288305,DRUG,2025-02-20 02:29:56,Zone_20
37.75187424658738,-122.3890401918379,DRUG,2025-09-10 20:55:56,Zone_19
37.75039076513868,-122.38129905719242,THEFT,2025-05-07 11:54:56,Zone_11
37.800531009698034,-122.41345073166453,THEFT,2026-01-25 14:55:56,Zone_04
37.73610117130682,-122.36698033551072,THEFT,2025-12-24 12:37:56,Zone_11
37.74171180975978,-122.41756091541856,OTHER,2025-05-24 23:10:56,Zone_11
37.778921726677865,-122.48685156005979,ROBBERY,2025-04-15 13:03:56,Zone_10
37.73850562344317,-122.3689881648807,THEFT,2025-08-03 09:19:56,Zone_13
37.7310674583621,-122.42689037443763,THEFT,2025-05-28 08:10:56,Zone_18
37.820284301850904,-122.44259942049909,VANDALISM,2025-04-04 01:11:56,Zone_02
37.784249641582186,-122.46288233360896,THEFT,2025-06-11 03:19:56,Zone_14
37.73388221294256,-122.45587549434121,ROBBERY,2026-01-05 18:31:56,Zone_02
37.725118414285724,-122.39859910458193,VEHICLE,2025-02-19 13:53:56,Zone_11
37.74864790871654,-122.38026973211167,DOMESTIC,2025-09-17 16:27:56,Zone_18
37.803794512393495,-122.39213217533172,BURGLARY,2025-05-25 02:28:56,Zone_04
37.805217051163275,-122.47138806764163,THEFT,2025-05-10 04:01:56,Zone_02
37.76554185410021,-122.37299456833445,THEFT,2026-01-21 03:28:56,Zone_04
37.72635601695338,-122.450625940622,THEFT,2025-08-11 16:19:56,Zone_10
37.740815908399384,-122.44127687048608,FRAUD,2026-01-21 15:58:56,Zone_07
37.79922622475173,-122.37535021593322,THEFT,2025-08-24 22:23:56,Zone_20
37.75328556797711,-122.37642750096624,BURGLARY,2025-02-22 20:45:56,Zone_19
37.74453801187986,-122.44426928977799,OTHER,2025-02-17 16:12:56,Zone_11
37.729985342363584,-122.36486647955024,ROBBERY,2025-10-04 21:19:56,Zone_02
37.731462608817786,-122.41198822519085,DRUG,2025-09-10 01:30:56,Zone_01
37.74439427689702,-122.37036982292399,ASSAULT,2025-06-30 14:18:56,Zone_08
37.7506372887847,-122.38903559233513,ASSAULT,2025-06-13 12:58:56,Zone_07
37.82416255484529,-122.38964930430808,DRUG,2025-12-16 12:21:56,Zone_14
37.74513810509981,-122.46026810972643,BURGLARY,2025-11-24 18:43:56,Zone_08
37.78500911673963,-122.36710901721518,ROBBERY,2025-07-07 04:21:56,Zone_16
37.75911864057587,-122.46523047212266,ROBBERY,2025-08-20 10:33:56,Zone_10
37.795675320760544,-122.44040113718313,BURGLARY,2025-10-30 04:21:56,Zone_09
37.765769956227096,-122.42439752662537,DRUG,2025-07-23 06:00:56,Zone_04
37.74921245304227,-122.38268739025551,DRUG,2026-01-21 14:31:56,Zone_12
37.76014241325525,-122.45696112589458,FRAUD,2025-08-11 08:51:56,Zone_11
37.751725035892235,-122.34449955800247,THEFT,2025-05-10 00:42:56,Zone_07
37.82174191305004,-122.41331709869166,ASSAULT,2025-09-16 15:20:56,Zone_04
37.81550190710444,-122.41316046158022,VEHICLE,2025-04-30 07:03:56,Zone_15
37.80735533021723,-122.44445672760317,VANDALISM,2025-08-16 11:43:56,Zone_14
37.75855500313393,-122.37670782521391,VANDALISM,2025-09-24 00:29:56,Zone_11
37.81582547447518,-122.382833576715,ASSAULT,2025-04-04 02:14:56,Zone_18
37.789773513887575,-122.38530972943214,OTHER,2025-11-12 02:52:56,Zone_16
37.809804375917864,-122.42785313768022,VEHICLE,2026-01-24 06:34:56,Zone_18
37.73087622741784,-122.36111010793442,ASSAULT,2025-07-11 19:28:56,Zone_04
37.7433740557726,-122.45416544102756,FRAUD,2025-04-09 20:17:56,Zone_07
37.7754115555744,-122.34614441499176,ASSAULT,2025-05-22 16:09:56,Zone_05
37.80158488978178,-122.45415691993583,DRUG,2026-01-08 08:57:56,Zone_10
37.776419222613825,-122.37820210703104,OTHER,2025-06-09 11:44:56,Zone_16
37.79626520744937,-122.45653974275868,VANDALISM,2025-10-30 07:49:56,Zone_18
37.78713759314732,-122.42975181910141,VEHICLE,2025-05-30 11:19:56,Zone_07
37.8075619380012,-122.38950448138301,THEFT,2025-05-24 16:34:56,Zone_02
37.79401058700539,-122.36192104206145,VEHICLE,2025-12-07 23:10:56,Zone_18
37.76056089128744,-122.45519040251594,THEFT,2025-07-22 16:58:56,Zone_11
37.82179443971743,-122.38730630782028,ROBBERY,2025-11-12 17:12:56,Zone_08
37.73758728280631,-122.40552597812353,BURGLARY,2025-04-19 10:26:56,Zone_15
37.74422909894662,-122.45680320627181,VANDALISM,2025-11-18 06:24:56,Zone_10
37.74872094354756,-122.43609878739936,ASSAULT,2025-10-30 18:27:56,Zone_07
37.75353135373916,-122.44947135176474,DRUG,2025-02-07 15:39:56,Zone_13
37.79321755632398,-122.48655007140489,THEFT,2025-04-16 13:47:56,Zone_11
37.74819018386495,-122.36760050364668,THEFT,2026-01-21 04:32:56,Zone_07
37.77206987668912,-122.35043243203434,DRUG,2025-04-13 17:52:56,Zone_19
37.74290088529657,-122.44672074832498,THEFT,2025-08-18 12:41:56,Zone_07
37.81169666420021,-122.41944751545756,VANDALISM,2026-01-24 19:37:56,Zone_06
37.82163281113535,-122.45411016006281,BURGLARY,2025-06-28 13:36:56,Zone_18
37.79992718294718,-122.44680665243361,THEFT,2026-01-19 08:36:56,Zone_18
37.80804384289546,-122.38118685548207,BURGLARY,2025-06-21 11:00:56,Zone_05
37.79653935909117,-122.46342806871372,THEFT,2025-04-26 12:14:56,Zone_14
37.754088644424655,-122.45228428547358,FRAUD,2025-02-04 12:38:56,Zone_01
37.81227946904199,-122.41912694366891,BURGLARY,2025-06-26 03:24:56,Zone_01
37.74951761595011,-122.38179700856853,FRAUD,2025-12-16 04:26:56,Zone_03
37.7962195155861,-122.46017774734315,VANDALISM,2025-11-19 05:56:56,Zone_20
37.74644994724965,-122.45028411137886,ASSAULT,2026-01-18 12:47:56,Zone_13
37.76523300689007,-122.38746878850517,THEFT,2025-06-29 04:01:56,Zone_16
37.790086809364766,-122.37747754746732,ASSAULT,2025-08-08 03:11:56,Zone_06
37.7804870814199,-122.38947081943961,VANDALISM,2025-06-14 17:27:56,Zone_13
37.78883748005428,-122.44370018284572,BURGLARY,2025-06-04 12:16:56,Zone_02
37.80431345617323,-122.42021044208543,BURGLARY,2025-12-16 12:46:56,Zone_20
37.743855550853695,-122.36056431266928,BURGLARY,2025-04-08 03:53:56,Zone_09
37.737264794695896,-122.4619173117195,ASSAULT,2025-04-30 22:40:56,Zone_02
37.80573578224981,-122.43619122886085,DRUG,2025-03-29 11:56:56,Zone_12
37.74009801824741,-122.4748523017863,FRAUD,2026-01-15 12:49:56,Zone_11
37.80670512572572,-122.37455948668111,THEFT,2025-06-28 11:01:56,Zone_06
37.74821875544217,-122.36473955192083,THEFT,2025-11-21 17:52:56,Zone_07
37.7579258432486,-122.38235763339158,VEHICLE,2025-08-19 04:17:56,Zone_10
37.791086031221504,-122.4410705304272,ASSAULT,2025-05-28 22:37:56,Zone_07
37.81035574546268,-122.45085368609902,VANDALISM,2025-06-04 21:55:56,Zone_04
37.74042221150011,-122.45982520153072,FRAUD,2025-06-22 01:17:56,Zone_09
37.743911947609895,-122.39746729704068,THEFT,2025-10-25 14:26:56,Zone_19
37.72841569920485,-122.40813943713718,FRAUD,2025-08-28 21:08:56,Zone_15
37.74726025483237,-122.35438173421252,DRUG,2025-06-07 17:39:56,Zone_13
37.80577587474655,-122.464226381698,FRAUD,2025-05-31 22:36:56,Zone_09
37.7968523950846,-122.38288654575348,THEFT,2025-12-12 21:58:56,Zone_12
37.80858634222266,-122.40855272215549,THEFT,2025-08-05 22:35:56,Zone_01
37.799459158892574,-122.4527443801722,THEFT,2026-01-11 03:11:56,Zone_15
37.75188165303721,-122.45914186748595,BURGLARY,2025-08-23 10:47:56,Zone_08
37.7588990314641,-122.45789709472548,BURGLARY,2025-07-13 06:36:56,Zone_01
37.75234117210004,-122.43439555460205,VEHICLE,2026-01-04 22:09:56,Zone_16
37.765929280294394,-122.44445650784428,ASSAULT,2026-01-01 13:48:56,Zone_16
37.75418964280464,-122.37360193205787,OTHER,2025-05-06 06:22:56,Zone_08
37.756546878406155,-122.3783007369059,VEHICLE,2025-02-26 05:46:56,Zone_09
37.73037141748337,-122.4140794138113,VEHICLE,2025-11-03 15:44:56,Zone_12
37.8224244535284,-122.34953443341735,THEFT,2025-12-19 06:37:56,Zone_10
37.758710758568256,-122.45166819424458,DOMESTIC,2025-02-11 10:19:56,Zone_14
37.763928790866316,-122.47848623305806,OTHER,2025-06-15 10:18:56,Zone_18
37.79312441717279,-122.3958981883493,FRAUD,2025-04-04 18:49:56,Zone_15
37.81574101072686,-122.37720640288914,ROBBERY,2025-09-24 19:04:56,Zone_08
37.761929306644134,-122.46047726002968,THEFT,2026-01-07 08:06:56,Zone_09
37.7991881375455,-122.45485951347857,BURGLARY,2025-04-10 02:10:56,Zone_02
37.76836781483165,-122.46547405865866,DRUG,2025-05-03 11:15:56,Zone_05
37.74548873107666,-122.4461470446948,DOMESTIC,2026-01-16 23:22:56,Zone_06
37.76550511800766,-122.46054100289751,DOMESTIC,2025-07-14 16:04:56,Zone_15
37.7732402236523,-122.47765461059059,ASSAULT,2025-05-10 23:33:56,Zone_19
37.78778731444133,-122.37997281464803,ASSAULT,2025-09-20 10:52:56,Zone_14
37.77320662451933,-122.43198939943869,THEFT,2025-07-10 23:55:56,Zone_15
37.80040604148162,-122.39355097850095,BURGLARY,2025-07-17 21:13:56,Zone_12
37.74211686885527,-122.36682325220343,ROBBERY,2025-12-16 23:48:56,Zone_04
37.79470705464034,-122.39867901462256,BURGLARY,2025-05-08 22:48:56,Zone_19
37.75536178418382,-122.45240143287981,ASSAULT,2025-04-02 22:57:56,Zone_09
37.79220081662887,-122.48735533663884,FRAUD,2026-01-13 13:52:56,Zone_13
37.82223665661523,-122.37581486709632,THEFT,2025-08-23 23:43:56,Zone_12
37.78902657092569,-122.43235331529084,VANDALISM,2025-07-23 00:24:56,Zone_01
37.81820776530662,-122.36379927976785,DOMESTIC,2025-04-29 11:49:56,Zone_13
37.77198164193659,-122.46456053303073,BURGLARY,2025-03-13 19:21:56,Zone_12
37.7997672175251,-122.3702112568182,BURGLARY,2025-04-25 07:37:56,Zone_01
37.80839567750522,-122.36801982374723,THEFT,2026-01-04 18:30:56,Zone_08
37.7437644699611,-122.45010878777013,BURGLARY,2025-10-23 16:53:56,Zone_18
37.75946201689008,-122.40117390332928,ASSAULT,2025-09-03 00:24:56,Zone_19
37.76258106277742,-122.41436683496696,ROBBERY,2026-01-19 11:47:56,Zone_05
37.790618257408596,-122.45245816868346,THEFT,2025-11-02 09:51:56,Zone_19
37.747716591375095,-122.38339732997626,DRUG,2025-08-06 07:44:56,Zone_13
37.748690891541756,-122.39609995534786,VEHICLE,2026-01-27 00:46:56,Zone_18
37.74026841358073,-122.36495539302868,ASSAULT,2025-02-21 00:56:56,Zone_09
37.80215627328478,-122.38309707215801,THEFT,2025-07-23 02:36:56,Zone_08
37.75516792103788,-122.4242376986938,THEFT,2025-02-05 11:05:56,Zone_01
37.780491201707434,-122.43380355750453,VANDALISM,2026-01-07 04:50:56,Zone_12
37.78827969759927,-122.42689221041691,THEFT,2025-12-31 21:09:56,Zone_10
37.76477867934036,-122.4648186768497,VANDALISM,2026-01-23 13:39:56,Zone_01
37.798729551047835,-122.44405861336386,BURGLARY,2025-07-06 08:50:56,Zone_02
37.726735838399925,-122.39630086678696,THEFT,2025-08-02 10:50:56,Zone_09
37.79382793212259,-122.47533460793439,THEFT,2025-06-13 18:04:56,Zone_06
37.794164508239035,-122.46926882523807,FRAUD,2025-05-11 22:45:56,Zone_07
37.7461044849383,-122.47863536746794,BURGLARY,2025-11-22 03:56:56,Zone_12
37.73148298433632,-122.39051407998836,THEFT,2025-04-29 12:20:56,Zone_12
37.78329265391978,-122.48203500919715,ASSAULT,2025-07-07 04:57:56,Zone_18
37.75316673605412,-122.42526968970955,BURGLARY,2025-12-18 19:58:56,Zone_10
37.744644881709114,-122.34678216742606,THEFT,2025-10-22 16:10:56,Zone_20
37.759113288551305,-122.37804190540261,ASSAULT,2026-01-27 10:08:56,Zone_19
37.80330254964714,-122.44668563325948,ASSAULT,2025-04-15 08:18:56,Zone_06
37.78299685866316,-122.38491663234446,BURGLARY,2025-02-22 07:03:56,Zone_19
37.73009660981312,-122.36543782914724,ASSAULT,2025-08-13 03:03:56,Zone_13
37.75952660415348,-122.3732391060199,BURGLARY,2025-05-29 07:59:56,Zone_14
